<?xml version="1.0" encoding="UTF-8"?>
<!-- Configuration is the root element for xml configuration. Appender and 
	Logger definitions go here. -->
<!-- The root element also includes optional attributes. -->
<!-- monitorInterval - reloads configuration every X seconds. -->
<!-- status - sets the statusLogger level to a certain value: set it to trace 
	to see the status of the log4j2 system logged. -->
<Configuration status="warn" monitorInterval="10">

	<!-- The most commonly used appender is RollingFileAppender, but we will 
		use Console and File for simplicity. There are many options in logging: Console, 
		Files, Databases, HTTP, Sockets, etc. For more information about appenders, 
		see the link here: https://logging.apache.org/log4j/2.x/manual/appenders.html -->
	
	<Appenders>
		<Console name = "StdOut" target = "SYSTEM_OUT">
			<PatternLayout pattern="%d{yyyy-MM-dd HH:mm:ss} %-5p %c{1}:%L - %m%n" />
		</Console>
		<File name = "FileAppender" filename="./src/main/resources/output.log">
			<PatternLayout pattern="%d{yyyy-MM-dd HH:mm:ss} %-5p %c{1}:%L - %m%n" />
		</File>
	</Appenders>
	
	<Loggers>
		<Root level="trace">
			<AppenderRef ref = "FileAppender" level="trace" />
			<AppenderRef ref = "StdOut" level="warn" />
		</Root>
	</Loggers>
	
</Configuration>